id,Text,GT,AQUSA,FP-AQUSA,FN-AQUSA
1,As a collection manager or cataloger I want to be able to see who last edited a record and when.,Atomic,Atomic,,
2,As an end user I want to be able to search across all collections at once.,,,,
3,As a cataloger and a collections manager I want Trident to support Duke Core so that metadata is consistent between collections.,"Atomic, Uniform","Atomic, Uniform",,
4,As a collections manager I want required DC fields to be enforced so that all records have values for all required DC fields.,Uniform,Uniform,,
5,As a collections manager I want to be able to repeat repeatable DC Fields so that I can enter all of the relevant metadata.,,,,
6,As a collection manager I want to be able to create controlled vocabularies so that they can be used as authority lists during metadata creation.,,,,
7,As a cataloger I want authority lists to be easily accessible and contextually relevant so it is easy to use the authority.,Uniform,Uniform,,
8,As a collection manager I want to use external authority lists so I they can be used during metadata creation.,Uniform,Uniform,,
9,As a cataloger I want to be able to see/hear/watch/read the digital object I am cataloging so I don't have to move between multiple applications while I'm creating metadata.,"Atomic, Uniform, Atomic","Atomic, Uniform",,Atomic
10,As a cataloger I want to be able to see/hear/watch/read all components associated on the with an item on the create/update screen so I don't have to leave the form.,"Atomic, Uniform, Atomic","Atomic, Uniform",,Atomic
11,As a cataloger or collection manager I want to see all of the metadata for a record while I'm editing it so that I have the full context for the item I'm cataloging.,Atomic,Atomic,,
12,As a cataloger or collection manager I want to be able to edit an arbitrary number of Items at once so that I can make changes to all Items in a collection efficiently.,Atomic,Atomic,,
13,As a collection manager I want each record to have a status so I can track the progress of the records in the collection.,Uniform,Uniform,,
14,As a collection manager I want statuses to include a status that flags a record as having a problem so we can track issues as the arise.,Uniform,Uniform,,
15,As a cataloger I want Trident to support the UTF- character set so that I can use any character necessary when creating metadata.,Uniform,Uniform,Minimal,
16,As a collection manager I want to map fields in inherited metadata to Duke Core fields and import a spreadsheet and create records.,Atomic,Atomic,,
17,As a collection manager I want to import metadata and create records from a DCP digitazation guide.,Atomic,Atomic,,
18,As a Archivist I want bi-directional linking between items in the digital collections and EAD finding aids.,Uniform,Uniform,,
19,As a End User I want to be able to see the physical context of an Item in a digital collection (i.e. See inside this folder; EAD),Minimal,Minimal,,
20,As a Collection Manager I want my collection to be discoverable in the Catalog.,Uniform,Uniform,,
21,As a Digital Production User (DPU) I want to be able to create Components.,,,Minimal,
22,As a DPU I want to create Technical Metadata with for Component.,,,,
23,As a cataloger or collection manager I want to be able to use a grid/spreadsheet style interface so I can edit Items quickly.,"Atomic, Uniform","Atomic, Uniform",,
24,As a DPU I want to create Preservation Metadata for a Component.,,,,
25,As a DPU I want to upload master surrogates to a Component.,,,,
26,As a DPU I want to add one or more Components to an Item.,,,,
27,As a DPU I want to create structural metadata for an Item so I can define the sequence of components.,Uniform,Uniform,,
28,"As a Digital Production Developer (DPD) I want to group components that require digitization so that I can create ""digitizable units"".",,,Minimal,
29,As a DPU I want to check-out/check-in groups of Components.,Atomic,Atomic,,
30,As a DPD I want to verify the correctness and completeness of components so that I can ensure quality standards are met.,,,,
31,As a DPD I want to capture digitization statistics so that I can monitor Operator efficiency and make projections for future projects.,,,,
32,As a DPU I want Trident to create derivatives for me when I upload a Master.,Uniform,Uniform,,
33,As a User I want to monitor the progress of a digital collection project.,,,,
34,As a cataloger I want to be able to save a record without all of the required metadata so that I can start a record with the metadata I have and come back to finish it later.,,,,
35,As a user I want to see how many Items have been digitized.,,,,
36,As a user I want to see how many digitized Items have been described.,,,,
37,As a user I want to see how many Items have been published.,,,,
38,As Collection Manager or Sponsor I want to describe the collection.,Atomic,Atomic,,
39,As a Preservation Librarian I want the relationship between masters and derivatives to be managed by the system so I don't have to.,Uniform,Uniform,Atomic,
40,As a Metadata Librarian I want to define the metadata schema for a collection.,,,,
41,As a Metadata librarian I want to define Authorities to be used for specific fields in a collection MD Schema.,,,,
42,As a Metadata Librarian I want to define validation rules for specific fields in a collection.,,,,
43,As a Metadata Librarian I want validation rules enforced when MD is submitted.,Uniform,Uniform,,
44,As a user I want to be able to save a record only when the record has an identifier so that we don't end up with a bunch of empty records in the collection.,,,,
45,As a cataloger I want a list of all of the records I have access to so I can get to work quickly.,Uniform,Uniform,,
46,As a collection manager I want to search for records based on status so I can track the progress of a collection.,Uniform,Uniform,,
47,As a cataloger or collection manager I want to be able to search for records based on all Duke Core fields.,,,,
48,As a user I want to be able to publish records only when the record has a Title Identifier Type and Source.,,,,